Title,Company,Experience,Salary,Location,Posted,Openings,Skills,Job Description,Job Link
"Senior Software Developer (C#.net, SQL, ERP Software)",Index Infotech India,4 - 5 years,Not Disclosed,Pune,3+ weeks ago,1,"SAN, SAP, SAP CRM, SSRS, Data structures, Visual Studio, Oracle, microsoft, SQL, CRM",Not specified,https://www.naukri.com/job-listings-senior-software-developer-c-net-sql-erp-software-index-infotech-india-pvt-ltd-pune-4-to-5-years-300922500449
Software Developer - Java,Interface Infosoft,7 - 12 years,Not Disclosed,"Nagpur, Roorkee",3+ weeks ago,1,"Hibernate, jQuery, Db2, XML, JSP, Project management, MySQL, Oracle, Ajax, Android",Not specified,https://www.naukri.com/job-listings-software-developer-java-interface-infosoft-solutions-nagpur-roorkee-7-to-12-years-180918500395
Software Developer,MNC,0 - 1 years,2.5-4 Lacs P.A.,Pune,1 day ago,9,"Java, C++, MySQL, Python, Python Web Framework, Angularjs, Mysql Database, HTML, Node.Js, Web Framework, Web Application Development, Web Designing, Css And Javascript, Angular, Java Frameworks, Software Development Methodologies, Javascript, XHTML, PHP, React.Js, Web Development",Not specified,https://www.naukri.com/job-listings-software-developer-tele-infotech-pune-0-to-1-years-300625002120
Software Developer,Oracle,0 - 8 years,Not Disclosed,"Kolkata, Mumbai, New Delhi, Hyderabad, Pune, Chennai, Bengaluru",3+ weeks ago,1,"software architecture, Software design, Operating systems, Debugging, Application software, Troubleshooting",Not specified,https://www.naukri.com/job-listings-software-developer-oracle-india-pvt-ltd-kolkata-mumbai-new-delhi-hyderabad-pune-chennai-bengaluru-0-to-8-years-030125504521
Software Developer,ShreeCom InfoTech India Pvt. Ltd.,0 - 3 years,Not Disclosed,Pune,3+ weeks ago,1,"Web technologies, android application development, Software development life cycle, .Net, Customer service, Troubleshooting, Information technology, SDLC, Ajax",Not specified,https://www.naukri.com/job-listings-software-developer-shreecom-infotech-india-pvt-ltd-pune-0-to-3-years-310723500254
Software Developer,Pyrotech Workspace Solutions,0 - 4 years,Not Disclosed,Udaipur,3+ weeks ago,1,Software Developer,Not specified,https://www.naukri.com/job-listings-software-developer-pyrotech-workspace-solutions-pvt-ltd-udaipur-0-to-4-years-250325505624
Software Developer,Rhombus Infotech,0 - 1 years,Not Disclosed,Mohali,3+ weeks ago,1,"c#, interfaces, c++, python, css, software development, software testing, system testing, system design, engineering, hibernate, javascript, sql server, jquery, software programming, sql, spring, spring boot, java, oops, html, data structures, mysql, programming",Not specified,https://www.naukri.com/job-listings-software-developer-rhombus-infotech-pvt-ltd-mohali-0-to-1-years-170225504981
Software Developer,Impressive Star Softwares,0 - 3 years,Not Disclosed,Jaipur,3+ weeks ago,1,"Tally, Manager Technology, Programming, Business management, Unit testing",Not specified,https://www.naukri.com/job-listings-software-developer-impressive-star-softwares-private-limited-jaipur-0-to-3-years-150125502056
Fresher Software Developer ( male ),Leading Client,0 - 1 years,Not Disclosed,Gurugram,1 day ago,Not specified,"zoho, bootstrap, html, flutter, php, css, information technology, hibernate, ajax, jquery, sql, spring, react.js, java, mysql, mongodb, c#, rest, rdbms, software development, javascript, angular, spring boot, node.js, application programming, angularjs",Not specified,https://www.naukri.com/job-listings-fresher-software-developer-male-capital-placement-services-gurugram-0-to-1-years-300625903922
Software Engineer/Software Developer/ - Freshers Bulk Hiring,Taj Consultancy Service,0 - 5 years,"50,000-80,000 P.A.","Nagpur, Pune, Bengaluru",1 week ago,1,"Java, C++, Python",Not specified,https://www.naukri.com/job-listings-software-engineer-software-developer-freshers-bulk-hiring-taj-consultancy-nagpur-pune-bengaluru-0-to-5-years-220625003053
Software Developer,MNC,0 - 1 years,2.5-4 Lacs P.A.,Pune,3 days ago,9,"Java, Python, Python Web Framework, Angularjs, C++, Mysql Database, HTML, Node.Js, Web Framework, Web Application Development, Web Designing, Css And Javascript, Java Frameworks, Software Development Methodologies, MySQL, Javascript, XHTML, PHP, React.Js, Web Development",Not specified,https://www.naukri.com/job-listings-software-developer-tele-infotech-pune-0-to-1-years-270625035120
Software Developer,Oracle,0 - 8 years,Not Disclosed,Bengaluru,3+ weeks ago,1,"Product management, C++, Automation testing, Web services, Appliances, Cloud, Manager Technology, Data structures, Deployment, Object oriented programming",Not specified,https://www.naukri.com/job-listings-software-developer-oracle-india-pvt-ltd-bengaluru-0-to-8-years-310525501316
Software Developer - FMW,Oracle,0 - 5 years,Not Disclosed,Bengaluru,3+ weeks ago,1,"Performance tuning, Automation, LDAP, Coding, Weblogic, Configuration management, Automation tools, Selenium, Oracle, Python",Not specified,https://www.naukri.com/job-listings-software-developer-fmw-oracle-india-pvt-ltd-bengaluru-0-to-5-years-030325501941
Software Developer,Tele Infotech,0 - 1 years,2.5-4 Lacs P.A.,Pune,3 weeks ago,9,"Java, Python, Python Web Framework, Angularjs, C++, Mysql Database, HTML, Node.Js, Web Framework, Web Application Development, Web Designing, Css And Javascript, Java Frameworks, Software Development Methodologies, MySQL, Javascript, XHTML, PHP, React.Js, Web Development",Not specified,https://www.naukri.com/job-listings-software-developer-tele-infotech-pune-0-to-1-years-070625015605
